populacao,geracao,melhor_afinidade,media_afinidade
10,1,0.860000,0.776000
10,2,0.860000,0.803000
10,3,0.860000,0.818000
10,4,0.860000,0.775000
10,5,0.860000,0.791000
10,6,0.860000,0.820000
10,7,0.860000,0.795000
10,8,0.860000,0.792000
10,9,0.930000,0.867000
10,10,0.930000,0.894000
10,11,0.930000,0.914000
10,12,0.930000,0.884000
10,13,0.930000,0.867000
10,14,0.930000,0.905000
10,15,0.930000,0.884000
10,16,0.930000,0.880000
10,17,0.930000,0.874000
10,18,0.930000,0.873000
10,19,0.930000,0.880000
10,20,0.930000,0.897000
10,21,0.930000,0.851000
10,22,0.930000,0.845000
10,23,0.930000,0.890000
10,24,0.930000,0.849000
10,25,0.930000,0.873000
10,26,0.930000,0.867000
10,27,0.930000,0.907000
10,28,0.930000,0.883000
10,29,0.930000,0.887000
10,30,0.930000,0.877000
10,31,0.930000,0.870000
10,32,0.930000,0.866000
10,33,0.930000,0.872000
10,34,0.930000,0.888000
10,35,0.930000,0.883000
10,36,0.930000,0.889000
10,37,0.930000,0.837000
10,38,0.930000,0.877000
10,39,0.930000,0.909000
10,40,0.930000,0.874000
10,41,0.930000,0.867000
10,42,0.930000,0.854000
10,43,0.930000,0.861000
10,44,0.930000,0.879000
10,45,0.930000,0.891000
10,46,0.930000,0.858000
10,47,0.930000,0.838000
10,48,0.930000,0.883000
10,49,0.930000,0.858000
10,50,0.930000,0.861000
15,1,0.870000,0.815333
15,2,0.870000,0.800000
15,3,0.870000,0.804000
15,4,0.870000,0.834667
15,5,0.870000,0.840000
15,6,0.870000,0.828667
15,7,0.870000,0.825333
15,8,0.870000,0.799333
15,9,0.870000,0.819333
15,10,0.870000,0.769333
15,11,0.870000,0.786667
15,12,0.870000,0.809333
15,13,0.870000,0.777333
15,14,0.870000,0.802667
15,15,0.870000,0.800000
15,16,0.870000,0.794000
15,17,0.870000,0.790000
15,18,0.870000,0.824000
15,19,0.870000,0.792000
15,20,0.870000,0.836667
15,21,0.870000,0.819333
15,22,0.870000,0.814000
15,23,0.870000,0.802667
15,24,0.870000,0.822667
15,25,0.870000,0.768667
15,26,0.870000,0.797333
15,27,0.870000,0.798000
15,28,0.870000,0.831333
15,29,0.870000,0.814000
15,30,0.870000,0.795333
15,31,0.870000,0.811333
15,32,0.870000,0.819333
15,33,0.870000,0.780667
15,34,0.870000,0.826667
15,35,0.870000,0.785333
15,36,0.870000,0.798000
15,37,0.870000,0.804000
15,38,0.870000,0.785333
15,39,0.870000,0.784000
15,40,0.890000,0.841333
15,41,0.890000,0.800667
15,42,0.890000,0.773333
15,43,0.890000,0.838667
15,44,0.890000,0.822000
15,45,0.890000,0.810000
15,46,0.890000,0.786000
15,47,0.890000,0.816000
15,48,0.890000,0.817333
15,49,0.890000,0.841333
15,50,0.890000,0.826000
20,1,0.870000,0.820500
20,2,0.870000,0.815000
20,3,0.870000,0.828000
20,4,0.870000,0.824500
20,5,0.870000,0.814000
20,6,0.870000,0.802500
20,7,0.910000,0.831500
20,8,0.910000,0.821000
20,9,0.910000,0.877000
20,10,0.910000,0.893500
20,11,0.910000,0.853000
20,12,0.910000,0.879500
20,13,0.910000,0.852000
20,14,0.980000,0.868000
20,15,0.980000,0.898000
20,16,0.980000,0.894500
20,17,0.980000,0.895500
20,18,0.980000,0.883000
20,19,0.980000,0.925000
20,20,0.980000,0.896000
20,21,0.980000,0.931000
20,22,0.980000,0.893500
20,23,0.980000,0.897500
20,24,0.980000,0.898000
20,25,0.980000,0.924500
20,26,0.980000,0.920000
20,27,0.980000,0.947000
20,28,0.980000,0.915500
20,29,0.980000,0.908500
20,30,0.980000,0.914000
20,31,0.980000,0.907500
20,32,0.980000,0.915500
20,33,0.980000,0.942500
20,34,0.980000,0.917000
20,35,0.980000,0.906500
20,36,0.980000,0.917000
20,37,0.980000,0.916500
20,38,0.980000,0.885500
20,39,0.980000,0.922500
20,40,0.980000,0.884500
20,41,0.980000,0.904000
20,42,0.980000,0.905000
20,43,0.980000,0.883000
20,44,0.980000,0.926500
20,45,0.980000,0.898500
20,46,0.980000,0.902000
20,47,0.980000,0.946500
20,48,0.980000,0.899000
20,49,0.980000,0.920000
20,50,0.980000,0.920000
25,1,0.860000,0.766800
25,2,0.860000,0.793600
25,3,0.860000,0.793600
25,4,0.860000,0.785200
25,5,0.860000,0.778800
25,6,0.860000,0.807200
25,7,0.860000,0.783200
25,8,0.860000,0.808400
25,9,0.860000,0.782800
25,10,0.860000,0.794800
25,11,0.860000,0.789200
25,12,0.860000,0.800400
25,13,0.860000,0.810400
25,14,0.860000,0.781600
25,15,0.860000,0.789200
25,16,0.860000,0.782800
25,17,0.860000,0.800400
25,18,0.860000,0.802800
25,19,0.860000,0.793600
25,20,0.860000,0.804000
25,21,0.860000,0.802000
25,22,0.860000,0.773600
25,23,0.860000,0.807600
25,24,0.860000,0.800400
25,25,0.860000,0.782000
25,26,0.860000,0.807600
25,27,0.860000,0.800000
25,28,0.900000,0.814800
25,29,0.900000,0.810000
25,30,0.900000,0.824400
25,31,0.900000,0.835200
25,32,0.900000,0.803200
25,33,0.900000,0.833600
25,34,0.900000,0.843600
25,35,0.900000,0.844800
25,36,0.900000,0.813600
25,37,0.900000,0.838000
25,38,0.900000,0.858000
25,39,0.900000,0.827200
25,40,0.900000,0.858400
25,41,0.900000,0.839200
25,42,0.900000,0.857200
25,43,0.900000,0.849200
25,44,0.900000,0.836400
25,45,0.900000,0.858000
25,46,0.900000,0.852400
25,47,0.900000,0.848800
25,48,0.900000,0.830000
25,49,0.900000,0.806400
25,50,0.900000,0.826800
30,1,0.870000,0.795000
30,2,0.870000,0.807667
30,3,0.870000,0.810667
30,4,0.870000,0.821333
30,5,0.870000,0.832000
30,6,0.870000,0.860667
30,7,0.880000,0.841000
30,8,0.880000,0.826333
30,9,0.880000,0.833000
30,10,0.880000,0.808000
30,11,0.880000,0.839333
30,12,0.880000,0.827000
30,13,0.880000,0.837333
30,14,0.880000,0.853333
30,15,0.880000,0.835000
30,16,0.880000,0.828000
30,17,0.880000,0.855000
30,18,0.880000,0.826333
30,19,0.880000,0.843333
30,20,0.880000,0.843333
30,21,0.880000,0.844000
30,22,0.880000,0.808667
30,23,0.880000,0.815333
30,24,0.880000,0.811333
30,25,0.880000,0.847333
30,26,0.880000,0.829667
30,27,0.880000,0.824000
30,28,0.880000,0.830667
30,29,0.880000,0.839000
30,30,0.880000,0.830000
30,31,0.880000,0.833667
30,32,0.880000,0.823000
30,33,0.880000,0.835333
30,34,0.880000,0.835667
30,35,0.880000,0.836000
30,36,0.880000,0.836667
30,37,0.880000,0.837667
30,38,0.880000,0.854333
30,39,0.880000,0.844667
30,40,0.880000,0.850667
30,41,0.880000,0.804333
30,42,0.880000,0.821667
30,43,0.880000,0.824000
30,44,0.880000,0.832000
30,45,0.880000,0.847667
30,46,0.880000,0.837333
30,47,0.880000,0.812333
30,48,0.880000,0.831000
30,49,0.880000,0.840333
30,50,0.880000,0.837333
35,1,0.870000,0.797429
35,2,0.870000,0.790286
35,3,0.870000,0.792000
35,4,0.870000,0.794286
35,5,0.870000,0.815429
35,6,0.870000,0.818571
35,7,0.930000,0.836286
35,8,0.930000,0.833429
35,9,0.930000,0.849143
35,10,0.930000,0.875429
35,11,0.930000,0.880857
35,12,0.930000,0.880000
35,13,0.930000,0.841714
35,14,0.930000,0.860000
35,15,0.930000,0.840571
35,16,0.930000,0.841714
35,17,0.930000,0.871714
35,18,0.930000,0.843714
35,19,0.930000,0.847429
35,20,0.930000,0.860857
35,21,0.930000,0.850571
35,22,0.930000,0.842000
35,23,0.930000,0.877429
35,24,0.930000,0.870000
35,25,0.930000,0.864571
35,26,0.930000,0.866286
35,27,0.930000,0.879429
35,28,0.930000,0.859714
35,29,0.930000,0.848000
35,30,0.930000,0.840000
35,31,0.930000,0.845714
35,32,0.930000,0.874571
35,33,0.930000,0.878286
35,34,0.930000,0.876571
35,35,0.930000,0.882571
35,36,0.930000,0.860000
35,37,0.930000,0.868571
35,38,0.930000,0.865714
35,39,0.930000,0.867429
35,40,0.930000,0.840857
35,41,0.930000,0.871143
35,42,0.930000,0.846000
35,43,0.930000,0.874286
35,44,0.930000,0.849714
35,45,0.930000,0.858286
35,46,0.930000,0.871714
35,47,0.930000,0.850286
35,48,0.930000,0.848286
35,49,0.930000,0.870286
35,50,0.930000,0.854286
40,1,0.970000,0.819750
40,2,0.970000,0.883000
40,3,0.970000,0.891750
40,4,0.970000,0.893750
40,5,0.970000,0.912250
40,6,0.970000,0.915000
40,7,0.970000,0.930500
40,8,0.970000,0.900500
40,9,0.970000,0.920000
40,10,0.970000,0.889250
40,11,0.970000,0.903250
40,12,0.970000,0.889500
40,13,0.970000,0.897500
40,14,0.970000,0.895000
40,15,0.970000,0.905000
40,16,0.970000,0.919250
40,17,0.970000,0.909250
40,18,0.970000,0.927000
40,19,0.970000,0.913500
40,20,0.970000,0.915000
40,21,0.970000,0.909000
40,22,0.970000,0.894750
40,23,0.970000,0.895750
40,24,0.970000,0.885750
40,25,0.970000,0.917250
40,26,0.970000,0.893000
40,27,0.970000,0.907000
40,28,0.970000,0.919750
40,29,0.970000,0.897000
40,30,0.970000,0.907750
40,31,0.970000,0.904250
40,32,0.970000,0.915500
40,33,0.970000,0.914500
40,34,0.970000,0.900000
40,35,0.970000,0.899000
40,36,0.970000,0.895250
40,37,0.970000,0.900500
40,38,0.970000,0.905750
40,39,0.970000,0.923500
40,40,0.970000,0.893250
40,41,0.970000,0.910750
40,42,0.970000,0.896250
40,43,0.970000,0.926000
40,44,0.970000,0.908000
40,45,0.970000,0.923000
40,46,0.970000,0.891000
40,47,0.970000,0.890250
40,48,0.970000,0.909000
40,49,0.970000,0.914000
40,50,0.970000,0.899250
45,1,0.970000,0.819778
45,2,0.970000,0.885778
45,3,0.970000,0.891556
45,4,0.970000,0.898667
45,5,0.970000,0.892000
45,6,0.970000,0.888444
45,7,0.970000,0.882444
45,8,0.970000,0.887778
45,9,0.970000,0.878444
45,10,0.970000,0.898000
45,11,0.970000,0.910889
45,12,0.970000,0.907111
45,13,0.970000,0.889556
45,14,0.970000,0.907333
45,15,0.970000,0.922667
45,16,0.970000,0.892889
45,17,0.970000,0.904444
45,18,0.970000,0.896889
45,19,0.970000,0.900889
45,20,0.970000,0.897778
45,21,0.970000,0.890444
45,22,0.970000,0.897111
45,23,0.970000,0.884222
45,24,0.970000,0.871111
45,25,0.970000,0.922444
45,26,0.970000,0.888889
45,27,0.970000,0.879778
45,28,0.970000,0.881778
45,29,0.970000,0.891111
45,30,0.970000,0.884889
45,31,0.970000,0.903333
45,32,0.970000,0.894667
45,33,0.970000,0.888889
45,34,0.970000,0.884667
45,35,0.970000,0.882889
45,36,0.970000,0.889333
45,37,0.970000,0.903333
45,38,0.970000,0.909111
45,39,0.970000,0.907111
45,40,0.970000,0.888444
45,41,0.970000,0.909556
45,42,0.970000,0.907111
45,43,0.970000,0.902000
45,44,0.970000,0.914889
45,45,0.970000,0.885111
45,46,0.970000,0.921778
45,47,0.970000,0.912667
45,48,0.970000,0.883333
45,49,0.970000,0.894889
45,50,0.970000,0.908444
50,1,0.970000,0.826000
50,2,0.970000,0.874600
50,3,0.970000,0.910000
50,4,0.970000,0.902400
50,5,0.970000,0.892000
50,6,0.970000,0.902800
50,7,0.970000,0.900400
50,8,0.970000,0.917200
50,9,0.970000,0.917600
50,10,0.970000,0.914200
50,11,0.970000,0.892800
50,12,0.970000,0.904400
50,13,0.970000,0.891200
50,14,0.970000,0.906200
50,15,0.970000,0.900600
50,16,0.970000,0.917400
50,17,0.970000,0.928400
50,18,0.970000,0.910400
50,19,0.980000,0.913400
50,20,0.980000,0.890600
50,21,0.980000,0.923600
50,22,0.980000,0.918200
50,23,0.980000,0.924600
50,24,0.980000,0.914600
50,25,0.980000,0.909200
50,26,0.980000,0.916200
50,27,0.980000,0.901400
50,28,0.980000,0.916400
50,29,0.980000,0.918000
50,30,0.980000,0.919200
50,31,0.980000,0.908000
50,32,0.980000,0.913600
50,33,0.980000,0.914200
50,34,0.980000,0.912000
50,35,0.980000,0.905000
50,36,0.980000,0.927800
50,37,0.980000,0.923600
50,38,0.980000,0.937800
50,39,0.980000,0.905400
50,40,0.980000,0.926800
50,41,0.980000,0.910600
50,42,0.980000,0.925000
50,43,0.980000,0.911600
50,44,0.980000,0.933800
50,45,0.980000,0.919600
50,46,0.980000,0.908400
50,47,0.980000,0.921200
50,48,0.980000,0.920600
50,49,0.980000,0.915800
50,50,0.980000,0.903600
